,City,Lat,Lng,Max Temp,Humidity,Cloudiness,Wind Speed,Country,Date
0,Emerald,-23.5333,148.1667,84.34,45,40,19.57,AU,1636699212
1,Torbay,47.6666,-52.7314,39.27,86,90,34.52,CA,1636699212
2,Hobart,-42.8794,147.3294,52.11,89,75,1.99,AU,1636699213
3,Rikitea,-23.1203,-134.9692,74.16,71,42,6.8,PF,1636699213
4,Mercedes,-34.6515,-59.4307,61.86,82,5,8.68,AR,1636699214
5,Yellowknife,62.456,-114.3525,31.41,90,75,14.97,CA,1636699214
6,Saint George,37.1041,-113.5841,54.19,50,1,1.99,US,1636699167
7,East London,-33.0153,27.9116,70.74,78,40,6.91,ZA,1636699215
8,Monforte de Lemos,42.5216,-7.5142,46.56,91,12,0.6,ES,1636699215
9,Port Lincoln,-34.7333,135.8667,57.99,58,100,17.96,AU,1636698971
10,Flinders,-34.5833,150.8552,65.21,90,47,1.01,AU,1636699216
11,Hermanus,-34.4187,19.2345,71.91,72,8,5.1,ZA,1636699216
12,Ushuaia,-54.8,-68.3,47.86,53,0,0.0,AR,1636699217
13,Arraial do Cabo,-22.9661,-42.0278,67.84,79,100,13.44,BR,1636699217
14,Nyrob,60.733,56.7202,32.54,94,100,10.49,RU,1636699218
15,Fort Frances,48.5999,-93.4003,30.42,67,90,16.11,CA,1636698989
16,Dauriya,49.9333,116.8667,35.74,44,100,10.13,RU,1636699218
17,Bambous Virieux,-20.3428,57.7575,82.65,65,20,13.8,MU,1636699219
18,Saint-Philippe,-21.3585,55.7679,83.48,74,13,5.77,RE,1636699219
19,Salalah,17.0151,54.0924,89.69,23,0,6.91,OM,1636699219
20,Krasnoyarskiy,51.965,59.8967,26.65,77,100,18.77,RU,1636699220
21,Yeppoon,-23.1333,150.7333,78.58,88,100,13.0,AU,1636699220
22,Erenhot,43.6475,111.9767,33.57,61,5,13.8,CN,1636699221
23,Shizunai-furukawachō,42.3339,142.3669,49.84,64,94,10.69,JP,1636699221
24,Karpogory,64.0019,44.4451,33.3,95,100,8.66,RU,1636699222
25,Waipawa,-41.4122,175.5153,63.23,72,100,21.61,NZ,1636699222
26,Vao,-22.6667,167.4833,75.34,80,100,10.94,NC,1636699223
27,Atuona,-9.8,-139.0333,77.76,76,2,9.95,PF,1636699223
28,Longyearbyen,78.2186,15.6401,6.64,72,40,3.44,SJ,1636699223
29,Sarkand,45.41,79.9186,48.13,54,0,1.43,KZ,1636699224
30,Nemuro,43.3236,145.575,54.03,77,100,13.4,JP,1636699224
31,George Town,5.4112,100.3354,82.33,86,40,1.01,MY,1636699157
32,Cherskiy,68.75,161.3,16.43,96,100,3.94,RU,1636699225
33,Purranque,-40.9167,-73.1667,52.93,96,74,0.63,CL,1636699225
34,Half Moon Bay,37.4636,-122.4286,63.63,84,1,0.0,US,1636699226
35,Mataura,-46.1927,168.8643,60.67,66,51,5.14,NZ,1636699228
36,Busselton,-33.65,115.3333,72.09,40,5,9.53,AU,1636699228
37,Ixtapa,20.7,-105.2,71.26,93,3,2.71,MX,1636699229
38,Caravelas,-17.7125,-39.2481,73.06,91,99,0.78,BR,1636699229
39,Juneau,58.3019,-134.4197,37.45,93,90,4.61,US,1636699230
40,Vila Velha,-20.3297,-40.2925,66.15,96,90,5.99,BR,1636699230
41,Nikolskoye,59.7035,30.7861,41.88,92,100,11.03,RU,1636699231
42,Castro,-24.7911,-50.0119,54.39,93,93,8.01,BR,1636699231
43,Saldanha,-33.0117,17.9442,66.25,77,12,15.88,ZA,1636699232
44,Morros,-9.4467,-46.3003,71.85,83,18,1.77,BR,1636699232
45,Ayan,56.45,138.1667,28.49,87,100,13.65,RU,1636699232
46,Livramento,-3.0254,-60.1803,75.88,94,20,3.44,BR,1636699233
47,Kisanga,-7.4362,37.7034,88.45,48,3,7.65,TZ,1636699233
48,Provideniya,64.3833,-173.3,11.23,91,69,2.46,RU,1636699234
49,Saint Anthony,45.0205,-93.218,36.55,91,90,1.99,US,1636699234
50,Dongobesh,-4.0667,35.3833,72.54,35,69,11.88,TZ,1636699235
51,Puerto Ayora,-0.7393,-90.3518,67.89,91,20,7.65,EC,1636699235
52,Jamestown,42.097,-79.2353,58.32,92,90,7.0,US,1636699188
53,Mar del Plata,-38.0023,-57.5575,61.88,83,0,28.99,AR,1636699236
54,Griffith,41.5284,-87.4237,43.39,75,40,1.99,US,1636699236
55,Punta Arenas,-53.15,-70.9167,44.71,70,0,5.75,CL,1636699236
56,Agadir,30.4202,-9.5982,45.05,65,70,2.33,MA,1636699237
57,Rabo de Peixe,37.8,-25.5833,68.27,88,82,12.5,PT,1636699237
58,Mayo,38.8876,-76.5119,64.96,88,1,8.99,US,1636699238
59,Chokurdakh,70.6333,147.9167,3.51,96,100,9.04,RU,1636699238
60,Port Elizabeth,-33.918,25.5701,66.49,88,75,8.05,ZA,1636699239
61,Lorengau,-2.0226,147.2712,84.52,67,41,5.79,PG,1636699239
62,Batagay,67.6333,134.6333,-11.29,100,100,1.77,RU,1636699239
63,Abu Dhabi,24.4667,54.3667,82.51,34,0,2.3,AE,1636699240
64,Ilulissat,69.2167,-51.1,10.42,67,41,14.97,GL,1636699240
65,Nanortalik,60.1432,-45.2371,24.19,75,44,5.77,GL,1636699241
66,Ribeira Grande,38.5167,-28.7,68.83,87,71,23.55,PT,1636699241
67,Ribeira Brava,32.65,-17.0667,66.83,67,42,6.82,PT,1636699241
68,Risør,58.7206,9.2342,36.28,71,98,4.14,NO,1636699242
69,Øksfjord,70.2396,22.3479,33.98,92,94,7.67,NO,1636699242
70,Avarua,-21.2078,-159.775,73.45,78,17,9.22,CK,1636699243
71,San-Pédro,4.7485,-6.6363,75.99,91,100,2.06,CI,1636699243
72,Watsa,3.0372,29.5355,72.93,78,100,2.59,CD,1636699243
73,Nyanguge,-2.55,33.2,78.51,43,87,7.9,TZ,1636699244
74,San Miguel,13.4833,-88.1833,71.02,89,0,2.98,SV,1636699244
75,Tagusao,9.1924,117.8141,81.66,80,100,5.53,PH,1636699245
76,Thessalon,46.2501,-83.5666,43.56,80,100,9.06,CA,1636699245
77,Dikson,73.5069,80.5464,8.8,92,100,23.24,RU,1636699246
78,Chipinge,-20.1883,32.6236,79.2,47,100,4.99,ZW,1636699246
79,Geraldton,-28.7667,114.6,88.21,14,0,16.11,AU,1636699246
80,Lebu,-37.6167,-73.65,54.01,87,99,8.01,CL,1636699247
81,Kavieng,-2.5744,150.7967,83.46,75,51,8.03,PG,1636699247
82,Xining,36.6167,101.7667,31.96,40,0,2.26,CN,1636699248
83,Khandyga,62.6667,135.6,14.72,97,100,3.53,RU,1636699248
84,Pimentel,-6.8367,-79.9342,62.06,89,96,14.61,PE,1636699249
85,Tasiilaq,65.6145,-37.6368,30.36,94,100,5.79,GL,1636699249
86,Albany,42.6001,-73.9662,55.81,76,100,7.0,US,1636699249
87,St. George's,12.0564,-61.7485,78.48,89,20,6.91,GD,1636699132
88,Butaritari,3.0707,172.7902,82.47,73,6,14.72,KI,1636699250
89,Vaini,-21.2,-175.2,78.96,94,75,3.44,TO,1636699251
90,Norman Wells,65.282,-126.8329,8.64,85,40,6.91,CA,1636699251
91,Sfântu Gheorghe,45.8667,25.7833,47.57,57,13,0.87,RO,1636699252
92,Porto-Novo,6.4965,2.6036,76.82,85,97,1.54,BJ,1636699252
93,Kloulklubed,7.0419,134.2556,86.5,70,46,9.28,PW,1636699252
94,Kishtwār,33.3167,75.7667,65.75,18,0,2.73,IN,1636699253
95,Amahai,-3.3333,128.9167,84.78,73,100,3.02,ID,1636699253
96,Talnakh,69.4865,88.3972,0.68,95,100,12.1,RU,1636699254
97,Leningradskiy,69.3833,178.4167,-2.06,90,59,6.2,RU,1636699255
98,Saint-Augustin,51.226,-58.6502,25.18,63,97,14.79,CA,1636699255
99,Alegrete,-29.7831,-55.7919,57.4,77,0,15.75,BR,1636699255
100,Kupang,-10.1667,123.5833,84.79,72,100,7.45,ID,1636699256
101,Ende,-8.8432,121.6623,84.31,77,98,4.03,ID,1636699256
102,Bengkulu,-3.8004,102.2655,84.7,66,44,6.62,ID,1636699257
103,Carnarvon,-24.8667,113.6333,84.27,32,3,19.57,AU,1636699257
104,Villa Guerrero,18.8667,-99.65,55.78,70,0,6.02,MX,1636699258
105,Cape Town,-33.9258,18.4232,72.12,65,40,4.0,ZA,1636699128
106,Egvekinot,66.3167,-179.1667,1.74,97,100,1.43,RU,1636699258
107,Newton,42.337,-71.2092,52.7,75,90,4.0,US,1636699259
108,Huarmey,-10.0681,-78.1522,62.29,89,36,8.12,PE,1636699259
109,Saint-François,46.4154,3.9054,33.67,100,90,2.3,FR,1636699259
110,Khatanga,71.9667,102.5,-30.55,100,17,4.12,RU,1636699260
111,Cayenne,4.9333,-52.3333,80.1,86,0,2.3,GF,1636699260
112,Porto Empedocle,37.2934,13.5264,60.04,70,5,4.25,IT,1636699261
113,Samarai,-10.6167,150.6667,84.85,78,25,12.97,PG,1636699261
114,Qaanaaq,77.484,-69.3632,-5.8,64,0,10.69,GL,1636699262
115,Ancud,-41.8697,-73.8203,49.53,91,100,3.94,CL,1636699262
116,Tautira,-17.7333,-149.15,78.82,67,95,10.45,PF,1636699262
117,Bluff,-46.6,168.3333,56.71,79,2,23.82,NZ,1636699263
118,Laas,46.6166,10.7002,30.11,72,42,1.01,IT,1636699263
119,Upernavik,72.7868,-56.1549,15.01,78,100,16.06,GL,1636699264
120,Beloha,-25.1667,45.05,84.97,43,100,11.63,MG,1636699264
121,Saint Paul Harbor,57.79,-152.4072,24.31,68,1,10.36,US,1636699085
122,Mahajanga,-15.7167,46.3167,87.82,66,20,6.91,MG,1636699265
123,Fortuna,40.5982,-124.1573,60.42,75,90,0.0,US,1636699265
124,Yakeshi,49.2833,120.7333,34.52,43,15,10.87,CN,1636699266
125,Bandarbeyla,9.4942,50.8122,82.08,65,100,16.04,SO,1636699266
126,Kiryat Gat,31.61,34.7642,73.9,28,58,2.08,IL,1636699144
127,Saskylakh,71.9167,114.0833,-24.48,97,21,3.94,RU,1636699267
128,Williston,48.147,-103.618,24.21,84,95,8.99,US,1636698841
129,Camopi,3.1655,-52.3158,69.91,100,61,1.68,GF,1636699267
130,Cockburn Town,21.4612,-71.1419,82.13,73,23,17.98,TC,1636699268
131,Olinda,-8.0089,-34.8553,78.53,89,75,6.91,BR,1636699268
132,Pizarro,4.9533,-77.366,74.82,92,53,3.94,CO,1636699269
133,Lompoc,34.6391,-120.4579,70.57,74,1,4.61,US,1636699269
134,Pedernales,18.0384,-71.744,78.49,67,36,3.8,DO,1636699269
135,Hilo,19.7297,-155.09,72.81,84,20,4.61,US,1636699020
136,Bredasdorp,-34.5322,20.0403,69.28,72,75,2.3,ZA,1636699270
137,Okha,53.5739,142.9478,34.14,84,100,12.55,RU,1636699271
138,Tarko-Sale,64.9225,77.785,13.24,94,100,24.65,RU,1636699271
139,Ketchikan,55.3422,-131.6461,48.67,87,90,23.02,US,1636699271
140,Buraidah,26.326,43.975,64.85,21,75,7.94,SA,1636699272
141,Saint-Pierre,-21.3393,55.4781,83.57,67,0,10.36,RE,1636699272
142,Atar,20.5169,-13.0499,75.22,39,100,5.48,MR,1636699273
143,Karoi,-16.8099,29.6925,78.93,46,46,11.99,ZW,1636699273
144,College,64.8569,-147.8028,10.2,74,90,0.0,US,1636699132
145,Asău,46.4333,26.4,43.95,51,20,1.54,RO,1636699274
146,Labuhan,-6.8844,112.2051,83.8,73,100,10.27,ID,1636699274
147,Hofn,64.2539,-15.2082,33.44,74,100,15.32,IS,1636699275
148,Port Blair,11.6667,92.75,86.04,79,75,5.75,IN,1636699275
149,Afonso Bezerra,-5.4983,-36.5056,74.86,85,0,6.82,BR,1636699276
150,Tondano,1.3038,124.9112,73.49,78,66,2.91,ID,1636699276
151,Abu Samrah,35.3029,37.1841,60.15,36,0,5.95,SY,1636699277
152,Pangkalanbuun,-2.6833,111.6167,78.64,90,100,4.07,ID,1636699277
153,São Filipe,14.8961,-24.4956,75.69,73,24,10.69,CV,1636699278
154,Pisco,-13.7,-76.2167,61.02,88,0,2.3,PE,1636699278
155,Scarborough,54.2797,-0.4044,51.08,89,67,5.99,GB,1636699278
156,Mahébourg,-20.4081,57.7,82.69,65,20,13.8,MU,1636699279
157,New Norfolk,-42.7826,147.0587,51.66,77,100,3.0,AU,1636699279
158,Sinnamary,5.3833,-52.95,77.23,87,56,6.49,GF,1636699280
159,Bakel,14.905,-12.4568,78.85,14,100,8.05,SN,1636699280
160,Tual,-5.6667,132.75,85.48,69,83,6.33,ID,1636699281
161,Dhidhdhoo,6.8833,73.1,82.18,75,54,19.89,MV,1636699281
162,Ust-Maya,60.4167,134.5333,13.82,96,100,2.84,RU,1636699281
163,Ust-Nera,64.5667,143.2,10.44,96,100,6.24,RU,1636699282
164,Port Alfred,-33.5906,26.891,68.97,79,78,10.16,ZA,1636699282
165,Puerto Peñasco,31.3167,-113.5333,75.16,37,0,11.16,MX,1636699283
166,Calvinia,-31.4707,19.776,66.02,48,0,4.61,ZA,1636699283
167,Hobyo,5.3505,48.5268,83.89,62,100,10.09,SO,1636699284
168,Redlands,34.0556,-117.1825,77.65,32,1,0.0,US,1636699284
169,João Pinheiro,-17.7425,-46.1725,66.47,97,100,1.5,BR,1636699284
170,Forsytheganj,52.6333,29.7333,40.48,87,95,11.32,BY,1636699285
171,Biograd na Moru,43.9433,15.4519,56.75,71,100,3.06,HR,1636699285
172,Manggar,-2.8833,108.2667,78.8,84,100,13.4,ID,1636699286
173,Mosquera,4.7059,-74.2302,55.49,88,75,4.61,CO,1636699003
174,Taltal,-25.4,-70.4833,58.73,87,61,4.79,CL,1636699286
175,Bubaque,11.2833,-15.8333,81.43,73,100,11.39,GW,1636699287
176,La Palma,33.8464,-118.0467,84.24,35,1,0.0,US,1636699287
177,Tuktoyaktuk,69.4541,-133.0374,10.4,92,75,6.91,CA,1636699287
178,Loreto,22.2667,-101.9667,54.32,65,0,8.3,MX,1636699288
179,Pokosnoye,55.5258,101.0536,32.76,85,93,14.76,RU,1636699288
180,Ballarat,-37.5662,143.8496,50.49,98,100,12.66,AU,1636699289
181,Goderich,43.7501,-81.7165,48.52,87,100,11.5,CA,1636699289
182,Pevek,69.7008,170.3133,5.07,85,100,3.11,RU,1636699289
183,Kapaa,22.0752,-159.319,77.32,65,40,8.05,US,1636699290
184,Bokhan,53.153,103.7714,35.8,83,99,10.38,RU,1636699290
185,Merauke,-8.4667,140.3333,85.55,71,98,7.09,ID,1636699291
186,Poconé,-16.2567,-56.6228,73.38,96,100,4.03,BR,1636699291
187,Kassala,15.451,36.4,89.53,27,5,1.86,SD,1636699292
188,Viedma,-40.8135,-62.9967,63.95,85,100,13.35,AR,1636699292
189,Yar-Sale,66.8333,70.8333,12.47,96,100,9.37,RU,1636699292
190,Petropavlovsk-Kamchatskiy,53.0452,158.6483,41.59,87,75,6.71,RU,1636699293
191,Mucurapo,10.6667,-61.5333,77.25,86,83,5.53,TT,1636699293
192,Tiksi,71.6872,128.8694,-9.71,97,77,4.47,RU,1636699294
193,Tukan,53.8409,57.4552,24.94,82,100,5.82,RU,1636699294
194,San Andrés,12.5847,-81.7006,82.42,78,20,6.91,CO,1636699295
195,Ratangarh,28.0833,74.6,83.32,14,5,3.04,IN,1636699295
196,Sohag,26.557,31.6948,64.69,35,100,4.83,EG,1636699296
197,Coronado,32.6859,-117.1831,76.77,52,1,0.0,US,1636699296
198,Naze,28.3667,129.4833,65.32,53,37,13.18,JP,1636699297
199,Nishihara,26.1842,127.7558,71.65,53,75,10.36,JP,1636699297
200,Huilong,31.8111,121.655,62.98,30,0,9.48,CN,1636699298
201,Severo-Kuril'sk,50.6789,156.125,43.68,95,58,14.41,RU,1636699298
202,Hualmay,-11.0964,-77.6139,62.24,88,99,8.7,PE,1636699298
203,Grand Gaube,-20.0064,57.6608,82.8,58,19,7.0,MU,1636699299
204,Novosineglazovskiy,55.0401,61.3792,24.51,65,97,11.92,RU,1636699299
205,Zhigansk,66.7697,123.3711,-9.53,89,77,18.59,RU,1636699300
206,Orán,-23.1322,-64.326,71.42,77,97,0.96,AR,1636699301
207,Barrow,71.2906,-156.7887,19.42,68,90,19.57,US,1636699301
208,Eyl,7.9803,49.8164,85.44,54,77,14.52,SO,1636699301
209,Santa Lucía,27.9117,-15.5407,60.12,76,75,12.66,ES,1636699302
210,Mangochi,-14.4782,35.2645,89.55,41,12,5.35,MW,1636699302
211,Mount Isa,-20.7333,139.5,76.77,33,5,13.8,AU,1636699303
212,Cairns,-16.9167,145.7667,86.11,74,75,8.05,AU,1636699303
213,Alice Springs,-23.7,133.8833,69.35,35,0,8.05,AU,1636699304
214,Thompson,55.7435,-97.8558,19.56,93,90,9.22,CA,1636699304
215,Crib Point,-38.35,145.2,55.9,92,100,24.45,AU,1636699304
216,Hasaki,35.7333,140.8333,66.49,42,100,19.53,JP,1636699305
217,Shirokiy,49.758,129.523,24.17,89,100,5.91,RU,1636699305
218,Voh,-20.9667,164.7,80.29,73,79,4.56,NC,1636699306
219,Bambanglipuro,-7.95,110.2833,78.17,83,100,4.61,ID,1636699306
220,Callaway,30.153,-85.5699,66.13,91,20,3.0,US,1636699307
221,Samoded,63.6083,40.5111,31.21,91,99,2.98,RU,1636699307
222,Kudahuvadhoo,2.6708,72.8944,82.92,78,44,20.18,MV,1636699307
223,Ji’an,27.1172,114.9793,66.42,41,100,7.92,CN,1636699308
224,Nieuw Nickerie,5.95,-56.9833,77.2,86,52,8.21,SR,1636699308
225,Galesburg,40.9478,-90.3712,45.01,77,100,1.01,US,1636699309
226,El Salvador,13.8333,-88.9167,68.4,95,2,2.33,SV,1636699309
227,Bandrele,-12.9067,45.1914,85.75,66,75,9.22,YT,1636699309
228,Palmer,42.1584,-72.3287,52.63,66,90,3.0,US,1636699310
229,Iqaluit,63.7506,-68.5145,10.13,78,90,18.01,CA,1636699310
230,Santa Cruz de la Sierra,-17.8,-63.1667,76.46,65,75,10.36,BO,1636699311
231,Husavik,66.0449,-17.3389,13.91,81,100,13.49,IS,1636699311
232,Clyde River,70.4692,-68.5914,5.18,91,98,9.48,CA,1636699312
233,Whyalla,-33.0333,137.5833,62.49,67,75,21.85,AU,1636699312
234,Bekhteyevka,50.8072,37.2085,34.7,70,100,15.23,RU,1636699313
235,Boa Vista,2.8197,-60.6733,80.58,69,40,16.11,BR,1636699313
236,Huadian,42.9633,126.7478,30.81,77,7,9.24,CN,1636699313
237,Kaitangata,-46.2817,169.8464,60.93,80,28,3.15,NZ,1636699314
238,Baghdad,33.3406,44.4009,60.71,59,0,8.05,IQ,1636699016
239,Pangnirtung,66.1451,-65.7125,8.6,85,90,8.05,CA,1636699315
240,Mocuba,-16.8392,36.9856,89.67,47,62,5.08,MZ,1636699315
241,Viet Tri,21.3019,105.4308,75.15,47,100,3.69,VN,1636699316
242,Srīvardhan,18.0333,73.0167,86.74,34,80,1.43,IN,1636699316
243,Rafaela,-31.2503,-61.4867,63.99,53,0,4.0,AR,1636699317
244,Oktyabr'skoye,43.0645,44.7417,33.94,86,75,4.47,RU,1636699317
245,Nizhnevartovsk,60.9344,76.5531,5.02,85,0,11.18,RU,1636699318
246,Launceston,-41.45,147.1667,60.62,53,75,4.0,AU,1636699318
247,Tura,25.5198,90.2201,77.56,49,61,2.93,IN,1636699319
248,Agüimes,27.9054,-15.4461,65.03,75,75,12.66,ES,1636699320
249,Santa Clara,22.4,-79.9667,74.17,100,75,3.44,CU,1636699230
250,Coyhaique,-45.5752,-72.0662,46.35,71,0,6.91,CL,1636699320
251,Tiznit Province,29.5833,-9.5,50.09,70,4,2.06,MA,1636699321
252,Cabo San Lucas,22.8909,-109.9124,77.5,75,0,1.99,MX,1636699321
253,San Blas,21.5167,-105.2667,75.09,82,0,3.4,MX,1636699322
254,Faanui,-16.4833,-151.75,79.14,72,79,14.97,PF,1636699322
255,Hithadhoo,-0.6,73.0833,82.54,76,24,17.34,MV,1636699323
256,Bethel,41.3712,-73.414,59.99,86,90,1.01,US,1636699323
257,Koundara,12.4833,-13.3,75.43,80,100,2.73,GN,1636699324
258,Berlevåg,70.8578,29.0864,31.95,69,75,18.41,NO,1636699324
259,Ilorin,8.5,4.55,77.14,77,100,4.03,NG,1636699325
260,Paamiut,61.994,-49.6678,12.87,62,13,8.34,GL,1636699325
261,San Quintín,30.4833,-115.95,68.16,46,0,1.97,MX,1636699326
262,Touros,-5.1989,-35.4608,74.3,78,5,10.36,BR,1636699326
263,Dingle,10.9995,122.6711,85.06,78,88,11.1,PH,1636699326
264,Fairbanks,64.8378,-147.7164,10.22,74,90,0.0,US,1636699247
265,Mitsamiouli,-11.3847,43.2844,84.49,74,40,6.91,KM,1636699327
266,Kumul,42.8,93.45,35.73,41,0,2.91,CN,1636699328
267,Pindiga,9.9833,10.9333,78.39,21,93,1.23,NG,1636699328
268,Paoua,7.2427,16.4406,80.64,60,43,5.82,CF,1636699328
269,Mabaruma,8.2,-59.7833,72.36,92,78,1.45,GY,1636699329
270,Aného,6.2333,1.6,73.6,81,100,2.42,TG,1636699329
271,Palmas Bellas,9.2319,-80.0867,79.25,86,100,3.78,PA,1636699330
272,Rome,43.2128,-75.4557,61.12,80,90,12.66,US,1636699259
273,Praia,14.9215,-23.5087,73.94,78,20,4.61,CV,1636699188
274,Victoria Point,-27.5833,153.3,85.44,86,1,5.01,AU,1636699330
275,Manado,1.487,124.8455,81.37,94,75,5.75,ID,1636699331
276,Ostrovnoy,68.0531,39.5131,34.57,94,100,22.7,RU,1636699331
277,Haimen,23.1935,116.6142,75.09,51,47,15.48,CN,1636699332
278,Dodge City,37.7528,-100.0171,48.63,56,90,13.0,US,1636699180
279,Vianópolis,-16.7419,-48.5164,64.76,94,94,0.76,BR,1636699333
280,Sisimiut,66.9395,-53.6735,12.38,73,50,12.03,GL,1636699333
281,Port Hardy,50.6996,-127.4199,48.2,93,75,3.44,CA,1636699334
282,Giovinazzo,41.1864,16.6674,63.82,94,40,2.3,IT,1636699334
283,Broken Hill,-31.95,141.4333,60.51,51,75,24.16,AU,1636699335
284,Derzhavīnsk,51.1,66.3167,28.09,70,88,14.58,KZ,1636699335
285,Padang,-0.9492,100.3543,87.85,67,100,5.84,ID,1636699336
286,Santa Cruz de Tenerife,28.4682,-16.2546,68.65,82,40,1.99,ES,1636699140
287,Yulara,-25.2406,130.9889,71.44,20,0,10.36,AU,1636699336
288,Bani Walid,31.7566,13.9942,59.05,46,52,4.5,LY,1636699337
289,Peniche,39.3558,-9.3811,56.62,91,0,11.99,PT,1636699337
290,Englewood,39.6478,-104.9878,46.87,44,75,7.0,US,1636699333
291,Don Luan,11.5333,106.9167,82.47,71,100,1.57,VN,1636699338
292,Coquimbo,-29.9533,-71.3436,55.13,94,90,5.75,CL,1636699338
293,Anadyr,64.75,177.4833,12.7,85,75,4.47,RU,1636699328
294,Kungurtug,50.5994,97.5228,27.59,59,100,1.1,RU,1636699339
295,Olafsvik,64.8945,-23.7142,38.61,74,100,7.56,IS,1636699339
296,Shellbrook,53.2168,-106.4011,20.43,98,21,2.77,CA,1636699340
297,Inhuma,-6.6683,-41.7078,74.77,64,10,3.8,BR,1636699340
298,El Higo,21.7667,-98.4667,72.05,83,99,1.41,MX,1636699341
299,Mâncio Lima,-7.6142,-72.8958,72.03,99,100,2.51,BR,1636699341
300,Vila Franca do Campo,37.7167,-25.4333,69.19,79,78,10.78,PT,1636699342
301,São Geraldo do Araguaia,-6.4006,-48.555,75.06,77,41,2.51,BR,1636699342
302,Sept-Îles,50.2001,-66.3821,18.03,79,1,4.61,CA,1636699315
303,Fukuechō,32.6881,128.8419,55.76,62,75,10.36,JP,1636699343
304,Isangel,-19.55,169.2667,78.91,78,14,6.91,VU,1636699067
305,Umm Kaddadah,13.6017,26.6876,84.47,15,6,9.75,SD,1636699344
306,Monrovia,6.3005,-10.7969,76.77,82,100,2.26,LR,1636699344
307,Malaryta,51.7905,24.074,38.95,84,98,7.56,BY,1636699345
308,Christchurch,-43.5333,172.6333,75.4,50,88,12.66,NZ,1636699345
309,Constitución,-35.3333,-72.4167,52.05,92,23,4.27,CL,1636699346
310,Montélimar,44.5584,4.7509,51.46,82,100,7.94,FR,1636699347
311,Ainaži,57.8636,24.3578,45.23,75,19,22.68,LV,1636699347
312,North Bend,43.4065,-124.2243,61.86,98,90,12.66,US,1636699347
313,Quirinópolis,-18.4483,-50.4517,68.99,95,83,2.15,BR,1636699348
314,Ulladulla,-35.35,150.4667,63.77,95,99,1.72,AU,1636699348
315,Arrifes,37.7667,-25.7,67.23,88,60,14.23,PT,1636699349
316,Camacha,33.0833,-16.3333,63.82,59,40,5.75,PT,1636699349
317,Guerrero Negro,27.9769,-114.0611,69.03,56,0,4.34,MX,1636699349
318,Ambilobe,-13.2,49.05,92.37,41,97,3.36,MG,1636699350
319,Province of Mantua,45.1667,10.7833,52.43,89,100,2.04,IT,1636699350
320,‘Āhuimanu,21.4447,-157.8378,78.51,68,20,5.75,US,1636699351
321,Muros,42.7762,-9.0603,51.84,91,36,6.49,ES,1636699351
322,Ürümqi,43.801,87.6005,32.95,41,0,2.24,CN,1636699352
323,Bay Roberts,47.5999,-53.2648,40.03,80,96,10.0,CA,1636699352
324,Kawalu,-7.3817,108.2082,74.48,89,100,0.2,ID,1636699352
325,San Patricio,28.017,-97.5169,71.82,66,0,8.48,US,1636699353
326,Nālūt,30.3333,10.85,54.55,44,28,8.9,LY,1636699353
327,Tiarei,-17.5333,-149.3333,78.82,67,68,10.29,PF,1636699354
328,Dunedin,-45.8742,170.5036,55.65,88,30,3.67,NZ,1636699090
329,Lagoa,39.05,-27.9833,67.77,87,59,13.44,PT,1636699354
330,Tumpat,6.1978,102.171,82.45,83,40,9.22,MY,1636699355
331,São João da Barra,-21.6403,-41.0511,66.38,92,100,12.06,BR,1636699355
332,Poronaysk,49.2167,143.1167,37.2,70,71,11.86,RU,1636699356
333,Goroka,-6.0834,145.3873,70.61,81,76,2.66,PG,1636699356
334,Hangu,39.2489,117.7892,57.24,35,0,12.19,CN,1636699356
335,General Roca,-39.0333,-67.5833,63.0,78,93,6.08,AR,1636699357
336,Mossamedes,-15.1961,12.1522,70.97,76,68,3.15,AO,1636699357
337,Ponta do Sol,32.6667,-17.1,66.83,66,45,6.51,PT,1636699358
338,Usogorsk,63.4106,48.6872,33.12,97,100,9.46,RU,1636699358
339,Biltine,14.5333,20.9167,85.71,16,0,13.44,TD,1636699359
340,Lavrentiya,65.5833,-171.0,8.13,90,15,5.68,RU,1636699359
341,Green River,41.5286,-109.4662,43.14,72,86,8.01,US,1636699084
342,Jinka,5.65,36.65,79.21,39,36,6.24,ET,1636699360
343,Okakarara,-20.5833,17.4333,81.16,32,100,3.8,NA,1636699360
344,Gorontalo,0.5412,123.0595,82.92,85,95,2.42,ID,1636699240
345,Bakhtiyārpur,25.4667,85.5167,78.82,33,30,1.54,IN,1636699361
346,Gambēla,8.25,34.5833,78.37,65,99,4.14,ET,1636699361
347,Jatai,-17.8814,-51.7144,67.33,94,100,1.16,BR,1636699361
348,Broome,42.2506,-75.833,59.83,73,90,3.0,US,1636699362
349,Port Augusta,-32.5,137.7667,62.74,56,100,21.36,AU,1636699362
350,Campbellsville,37.3434,-85.3419,48.65,74,1,5.82,US,1636699363
351,Fremont,37.5483,-121.9886,63.68,75,1,0.0,US,1636699079
352,Srednekolymsk,67.45,153.6833,10.13,96,100,3.33,RU,1636699363
353,Trelew,-43.249,-65.3051,58.96,86,100,14.94,AR,1636699364
354,Rumuruti,0.267,36.5389,72.48,48,45,10.25,KE,1636699364
355,Tabou,4.423,-7.3528,77.02,88,94,1.72,CI,1636699365
356,Lebyazh'ye,55.2689,66.4947,25.05,62,100,13.27,RU,1636699365
357,Zhangjiakou Shi Xuanhua Qu,40.6103,115.0447,38.73,67,1,4.14,CN,1636699366
358,Merritt Island,28.5392,-80.672,73.4,91,20,0.0,US,1636699366
359,Kangaatsiaq,68.3065,-53.4641,14.68,95,100,14.47,GL,1636699366
360,Manoel Urbano,-8.8389,-69.2597,71.65,99,52,2.68,BR,1636699367
361,Codrington,-38.2667,141.9667,52.92,83,100,20.69,AU,1636699367
362,Mattru,7.6244,-11.8332,73.26,97,100,2.66,SL,1636699368
363,Namwala,-15.7504,26.4384,83.52,40,59,9.4,ZM,1636699368
364,Drochia,48.035,27.8161,43.25,45,7,3.62,MD,1636699369
365,Kanye,-24.9667,25.3327,80.67,35,3,13.91,BW,1636699369
366,Ballina,-28.8667,153.5667,89.78,60,9,13.8,AU,1636699370
367,Gannan,47.9147,123.5031,36.79,63,67,8.23,CN,1636699370
368,Seoul,37.5683,126.9778,49.39,41,0,8.05,KR,1636699244
369,Yondó,7.0062,-73.9097,72.18,97,43,1.03,CO,1636699371
370,Neuquén,-38.9516,-68.0591,62.49,82,0,8.05,AR,1636699156
371,Ambon City,-3.6954,128.1814,87.94,70,20,6.91,ID,1636699371
372,Santa Maria da Vitória,-13.3947,-44.1886,74.08,80,100,1.01,BR,1636699372
373,Gloggnitz,47.6749,15.9389,40.01,85,9,1.3,AT,1636699372
374,Kumano,34.3442,132.5894,56.89,62,76,16.46,JP,1636699373
375,Port-Gentil,-0.7193,8.7815,78.76,94,75,4.61,GA,1636699373
376,Mogadishu,2.0371,45.3438,84.07,94,75,10.36,SO,1636699374
377,General Pico,-35.6566,-63.7568,65.3,42,84,17.05,AR,1636699374
378,Honningsvåg,70.9821,25.9704,32.81,55,99,12.06,NO,1636699375
379,Dongsheng,39.8161,109.9776,37.0,30,0,12.17,CN,1636699375
380,Alpena,45.0617,-83.4327,44.92,87,75,5.75,US,1636699376
381,Hambantota,6.1241,81.1185,82.74,89,75,9.22,LK,1636699376
382,Bariloche,-41.1456,-71.3082,54.45,50,20,3.44,AR,1636699377
383,Roald,62.5833,6.1333,40.33,87,75,6.91,NO,1636699377
384,Meulaboh,4.1363,96.1285,78.64,86,100,7.85,ID,1636699378
385,San Cristobal,7.7669,-72.225,64.33,85,95,1.61,VE,1636699378
386,Hong Kong,22.2855,114.1577,77.38,46,100,11.01,HK,1636699143
387,Valdivia,-39.8142,-73.2459,53.69,99,100,0.83,CL,1636699251
388,Coper,5.4768,-74.0442,67.95,98,78,2.55,CO,1636699379
389,Ndélé,8.4109,20.6473,81.57,69,89,5.12,CF,1636699379
390,Kuusamo,65.9667,29.1833,30.24,93,75,5.75,FI,1636699380
391,Bom Jesus,-9.0744,-44.3586,72.05,78,13,2.33,BR,1636699380
392,Balgarovo,42.6214,27.3046,46.09,87,0,0.0,BG,1636699381
393,Çorovodë,40.5042,20.2272,55.92,47,100,3.58,AL,1636699381
394,Mayumba,-3.432,10.6554,79.03,86,98,4.74,GA,1636699381
395,Abhā,18.2164,42.5053,66.02,30,0,4.61,SA,1636699152
396,Den Helder,52.9599,4.7593,49.98,88,90,15.01,NL,1636699318
397,Quipile,4.7481,-74.5631,61.74,95,26,3.58,CO,1636699382
398,Bodden Town,19.2833,-81.25,78.01,90,73,12.28,KY,1636699370
399,Cantilan,9.3336,125.9775,81.07,86,100,4.76,PH,1636699383
400,Kajaani,64.2273,27.7285,32.05,100,90,1.14,FI,1636699383
401,Tezu,27.9167,96.1667,82.0,30,45,3.13,IN,1636699384
402,Haines Junction,60.7522,-137.5108,13.95,92,100,1.14,CA,1636699384
403,Charagua,-19.8,-63.2167,67.6,78,99,2.37,BO,1636699385
404,Mount Gambier,-37.8333,140.7667,55.31,76,90,19.57,AU,1636699385
405,Ahipara,-35.1667,173.1667,63.19,92,100,10.18,NZ,1636699386
406,Machalí,-34.1833,-70.6667,53.89,69,61,1.14,CL,1636699386
407,Turukhansk,65.8167,87.9833,1.62,96,100,8.52,RU,1636699387
408,Coahuayana Viejo,18.7333,-103.6833,74.12,92,18,3.53,MX,1636699387
409,Maceió,-9.6658,-35.7353,78.24,88,20,0.0,BR,1636699388
410,Cidreira,-30.1811,-50.2056,63.52,67,52,11.25,BR,1636699388
411,Vila do Maio,15.1333,-23.2167,74.19,74,51,13.8,CV,1636699389
412,Vestmannaeyjar,63.4427,-20.2734,38.3,65,100,13.06,IS,1636699389
413,Amasya Province,40.6667,35.8333,35.28,65,4,2.75,TR,1636699389
414,Libertador General San Martín,-23.8064,-64.7876,68.94,71,74,2.93,AR,1636699390
415,Eldoret,0.5204,35.2699,68.09,56,40,8.05,KE,1636699390
416,Esim,4.8699,-2.2405,79.0,83,45,3.36,GH,1636699391
417,Kotido,2.9806,34.1331,80.31,37,98,19.37,UG,1636699391
418,Lancaster,40.2504,-76.2499,61.14,88,100,1.99,US,1636699344
419,Kahului,20.8947,-156.47,78.82,65,40,10.36,US,1636699105
420,Kryve Ozero,47.9524,30.3493,40.86,70,11,6.85,UA,1636699392
421,Anloga,5.7947,0.8973,73.62,78,95,4.63,GH,1636699392
422,Puerto Suárez,-18.95,-57.8,74.98,92,100,2.17,BO,1636699393
423,Mormugao,15.4,73.8,83.46,48,75,5.75,IN,1636699393
424,Margate,51.3813,1.3862,53.31,84,100,4.0,GB,1636699394
425,Pālampur,32.1167,76.5333,67.98,34,0,6.29,IN,1636699394
426,Woodward,36.4337,-99.3904,47.97,63,40,5.75,US,1636699395
427,Moïssala,8.3404,17.7663,82.56,61,89,4.76,TD,1636699395
428,Katangli,51.7102,143.2326,33.87,98,100,5.55,RU,1636699396
429,Narsaq,60.9167,-46.05,16.02,71,61,5.73,GL,1636699396
430,Talavera de la Reina,39.9635,-4.8308,51.6,75,33,2.08,ES,1636699397
431,Belaya Gora,68.5333,146.4167,1.8,97,100,5.57,RU,1636699397
432,Arrondissement de Vierzon,47.2101,2.0625,36.19,83,10,3.53,FR,1636699397
433,Byron Bay,-28.65,153.6167,89.71,71,29,15.23,AU,1636699398
434,Noumea,-22.2763,166.4572,80.58,80,99,6.93,NC,1636699398
435,Coruripe,-10.1256,-36.1756,76.23,86,42,8.19,BR,1636699399
436,Yamada,39.4667,141.95,49.73,76,77,7.29,JP,1636699399
437,Bogorodskoye,56.55,37.8833,32.27,98,100,11.21,RU,1636699400
438,Bria,6.5423,21.9863,76.75,79,99,2.35,CF,1636699400
439,Hoi An,15.8794,108.335,80.56,79,86,10.56,VN,1636699401
440,Wote,-1.7808,37.6288,78.21,49,77,6.04,KE,1636699401
441,Bathsheba,13.2167,-59.5167,79.41,78,40,17.27,BB,1636699401
442,Marshall,34.3834,-86.3333,51.75,84,90,3.44,US,1636699397
443,Safi,32.2994,-9.2372,58.55,87,15,10.09,MA,1636699402
444,Udachny,66.4167,112.4,2.46,97,100,6.02,RU,1636699402
445,Sitka,57.0531,-135.33,46.29,61,90,19.57,US,1636699403
446,Carauari,-4.8828,-66.8958,72.21,100,100,1.5,BR,1636699403
447,Itoman,26.1247,127.6694,72.37,54,75,10.36,JP,1636699404
448,Nueva Gerona,21.8833,-82.8,76.84,80,75,7.27,CU,1636699404
449,Sumenep,-7.0167,113.8667,83.3,75,100,6.26,ID,1636699404
450,Umluj,25.0213,37.2685,82.76,38,91,1.39,SA,1636699405
451,Agirish,61.9247,63.0231,23.13,92,100,7.45,RU,1636699405
452,Nome,64.5011,-165.4064,6.87,73,1,6.91,US,1636699406
453,Kununurra,-15.7667,128.7333,96.78,20,75,10.36,AU,1636699406
454,Waverly,42.7392,-84.6208,42.19,88,1,8.05,US,1636699407
455,Manono,-7.3,27.4167,77.18,76,100,5.06,CD,1636699407
456,Mennecy,48.569,2.4438,35.76,100,90,4.61,FR,1636699407
457,Airai,-8.9266,125.4092,70.32,78,100,0.92,TL,1636699408
458,San Lazaro,18.0387,-88.6622,70.3,96,18,0.72,BZ,1636699408
459,Yanam,16.7333,82.2167,82.8,95,100,9.31,IN,1636699409
460,Kathu,7.9178,98.3332,82.69,94,100,4.41,TH,1636699409
461,Sinfra,6.6167,-5.9167,74.57,97,54,1.19,CI,1636699410
462,Deputatsky,69.3,139.9,-4.22,99,100,2.39,RU,1636699410
463,Kamenka,51.3223,42.7678,34.63,56,100,15.32,RU,1636699411
464,Svetlaya,46.5389,138.3297,36.48,54,80,12.95,RU,1636699411
465,Kruisfontein,-34.0033,24.7314,62.89,68,91,9.64,ZA,1636699412
466,Lieksa,63.3167,30.0167,36.73,97,100,7.29,FI,1636699413
467,Presidencia Roque Sáenz Peña,-26.7852,-60.4388,65.53,65,0,5.19,AR,1636699413
468,Raudeberg,61.9875,5.1352,41.67,87,43,1.99,NO,1636699413
469,Shimoda,34.6667,138.95,62.96,53,52,25.17,JP,1636699414
470,Sharjah city,25.3573,55.4033,88.25,22,0,4.61,AE,1636699414
471,Birjand,32.8663,59.2211,61.27,14,0,6.91,IR,1636699415
472,Baruun-Urt,46.6806,113.2792,36.36,37,74,15.03,MN,1636699415
473,Arawa,-6.2132,155.5367,81.41,86,100,2.98,PG,1636699416
474,Bam,29.106,58.357,67.1,22,0,5.17,IR,1636699416
475,Tuy Hoa,13.0833,109.3,75.6,92,100,8.5,VN,1636699417
476,Pāli,25.7667,73.3333,85.03,16,100,3.87,IN,1636699417
477,Hamilton,39.1834,-84.5333,45.99,95,1,0.0,US,1636699318
478,Calderitas,18.55,-88.25,75.13,89,86,4.18,MX,1636699418
479,Alugan,12.2188,125.4808,82.65,85,95,11.77,PH,1636699419
480,Zhaoyang,42.682,126.0305,31.46,76,4,7.99,CN,1636699419
481,Klaksvík,62.2266,-6.589,43.72,87,100,40.09,FO,1636699419
482,Chestermere,51.0334,-113.8187,29.03,62,75,11.5,CA,1636699420
483,Kem',64.9555,34.5793,32.9,99,100,4.76,RU,1636699421
484,Vardø,70.3705,31.1107,28.15,59,94,16.24,NO,1636699421
485,La Ronge,55.1001,-105.2842,21.45,79,90,4.61,CA,1636699421
486,Hilton Head,32.2163,-80.7526,67.98,94,1,8.05,US,1636699137
487,Yangi Marg`ilon,40.4272,71.7189,54.32,40,0,2.3,UZ,1636699422
488,Harrismith,-28.2728,29.1295,73.8,32,0,16.44,ZA,1636699422
489,Butajīra,8.1167,38.3667,66.67,47,75,8.28,ET,1636699423
490,Pacific Grove,36.6177,-121.9166,64.38,79,1,5.99,US,1636699166
491,Vershino-Darasunskiy,52.35,115.5167,26.83,85,100,5.01,RU,1636699423
492,Payson,40.0444,-111.7321,50.58,82,1,3.0,US,1636699424
493,Chingirlau,51.095,54.0814,33.13,50,100,17.31,KZ,1636699424
494,Puri,19.8,85.85,79.38,77,100,13.04,IN,1636699425
495,Guangzhou,23.1167,113.25,73.35,32,84,8.5,CN,1636699336
496,Ashington,50.9331,-0.3909,55.81,70,100,7.0,GB,1636699425
497,Namatanai,-3.6667,152.4333,82.9,75,97,5.39,PG,1636699426
498,Plettenberg Bay,-34.0527,23.3716,67.5,71,21,5.35,ZA,1636699426
499,Kuopio,62.8924,27.677,37.35,93,90,8.05,FI,1636699426
500,Kanigoro,-8.13,112.219,80.55,80,100,7.9,ID,1636699427
501,Verkhnevilyuysk,63.4453,120.3167,6.89,87,100,6.15,RU,1636699427
502,Benguela,-12.5763,13.4055,76.64,82,83,3.87,AO,1636699428
503,Mehamn,71.0357,27.8492,31.91,70,96,10.51,NO,1636699428
504,Kerema,-7.9631,145.7785,84.29,76,63,4.16,PG,1636699429
505,Urengoy,65.9667,78.3667,12.29,94,100,20.18,RU,1636699429
506,Williamsburg,37.2707,-76.7075,66.74,83,40,3.0,US,1636699184
507,Langsa,4.4683,97.9683,85.91,63,100,6.73,ID,1636699430
508,Jackson,42.4165,-122.8345,53.04,91,1,0.0,US,1636699405
509,Salisbury,51.0693,-1.7957,55.58,94,90,17.27,GB,1636699430
510,Qaqortoq,60.7167,-46.0333,16.3,73,16,4.88,GL,1636699431
511,Khabary,53.6259,79.5345,36.14,68,100,10.74,RU,1636699431
512,Bud,39.447,-86.1758,43.18,85,0,7.47,US,1636699432
513,Concordia,-31.393,-58.0209,61.79,72,0,8.01,AR,1636699432
514,Hlukhiv,51.6782,33.9162,37.09,72,99,12.46,UA,1636699433
515,Evensk,61.95,159.2333,23.43,91,100,4.99,RU,1636699433
516,Jieshi,22.8134,115.8257,73.76,50,94,13.47,CN,1636699434
517,Ouadda,8.0777,22.4007,80.17,64,95,3.47,CF,1636699434
518,Isla Vista,34.4133,-119.861,77.13,52,1,0.0,US,1636699435
519,Lexington,37.9887,-84.4777,46.29,91,1,8.05,US,1636699202
520,Soyo,-6.1349,12.3689,78.85,80,100,4.83,AO,1636699436
521,Cap Malheureux,-19.9842,57.6142,82.89,58,14,7.0,MU,1636699436
522,Saint-Leu,-21.15,55.2833,82.96,75,13,6.24,RE,1636699437
523,Shibukawa,36.4833,139.0,60.06,35,73,4.0,JP,1636699437
524,Toamasina,-18.1667,49.3833,84.2,70,40,6.91,MG,1636699438
525,Sur,22.5667,59.5289,82.06,46,0,12.73,OM,1636699439
526,Apple Valley,34.5008,-117.1859,68.36,42,0,0.31,US,1636699166
527,Micheweni,-4.9667,39.8333,85.24,63,16,4.18,TZ,1636699439
528,Huaraz,-9.5333,-77.5333,54.54,83,99,3.0,PE,1636699440
529,Mahibadhoo,3.7833,72.9667,82.49,80,17,19.33,MV,1636699440
530,Saint-Paul,-21.0096,55.2707,84.0,75,26,3.0,RE,1636699331
531,Laguna,38.421,-121.4238,58.21,96,1,3.44,US,1636699287
532,George Town,5.4112,100.3354,84.13,86,40,1.01,MY,1636699441
533,Tarakan,3.3,117.6333,76.5,94,90,9.22,ID,1636699441
534,Bolshaya Rechka,51.9503,104.7355,37.67,55,100,7.05,RU,1636699442
535,Harper,4.375,-7.7169,77.99,85,96,2.8,LR,1636699442
536,Kidal,18.4411,1.4078,70.88,12,100,7.56,ML,1636699442
537,Yarmouth,41.7057,-70.2286,53.98,72,1,5.01,US,1636699443
538,Belyy Yar,53.6039,91.3903,40.86,54,0,2.24,RU,1636699443
539,Ulan-Ude,51.8261,107.6098,33.69,55,40,4.47,RU,1636699444
540,Druzhba,52.0428,33.9453,36.3,78,100,12.5,UA,1636699444
541,Itaueira,-7.6033,-43.0256,77.13,63,39,5.5,BR,1636699444
542,Saurimo,-9.6608,20.3916,73.2,74,96,2.71,AO,1636699445
543,Kachīry,53.0675,76.1036,39.16,73,100,14.09,KZ,1636699445
544,Türkan,40.3639,50.215,50.18,66,75,4.61,AZ,1636699446
545,Los Llanos de Aridane,28.6585,-17.9182,62.35,81,90,5.99,ES,1636699446
546,Salamiyah,35.0113,37.0532,62.42,33,0,5.48,SY,1636699447
547,Te Anau,-45.4167,167.7167,56.17,79,73,6.67,NZ,1636699447
548,Nanga Eboko,4.6833,12.3667,71.28,94,97,0.67,CM,1636699447
549,Jambi City,-1.6,103.6167,88.84,56,100,2.57,ID,1636699448
550,Inuvik,68.3499,-133.7218,9.61,88,40,2.3,CA,1636699448
551,Poreč,45.2258,13.5939,53.37,78,56,3.6,HR,1636699449
552,Lincoln,40.8,-96.667,39.11,57,1,4.0,US,1636699449
553,Usinsk,65.9939,57.5281,24.06,96,100,10.49,RU,1636699450
554,Upington,-28.4478,21.2561,71.98,26,100,3.44,ZA,1636699450
555,Palana,59.1167,159.9667,33.84,78,100,7.74,RU,1636699450
556,Osypenko,46.9136,36.8253,40.84,69,89,7.02,UA,1636699451
557,Waddān,29.1614,16.139,62.33,81,100,7.92,LY,1636699451
558,Troitskoye,52.9821,84.6757,35.2,70,100,6.62,RU,1636699452
559,Alihe,50.5667,123.7167,37.09,35,9,9.01,CN,1636699452
560,Puerto Nariño,-3.7703,-70.3831,73.35,98,100,0.65,CO,1636699452
561,Gubkinskiy,64.434,76.5026,14.31,94,100,24.07,RU,1636699453
562,Khovd,48.0056,91.6419,34.65,23,51,2.42,MN,1636699453
563,Waingapu,-9.6567,120.2641,84.42,72,100,2.82,ID,1636699454
564,Whitefish,48.4111,-114.3376,34.77,89,1,0.0,US,1636699454
565,Taoudenni,22.6783,-3.9836,69.33,16,100,6.24,ML,1636699455
566,Pierre,44.3683,-100.351,36.05,68,90,18.01,US,1636699263
567,Karratha,-20.7377,116.8463,86.27,25,2,14.61,AU,1636699455
568,Kirovsk,48.6375,38.6428,37.69,61,100,13.85,UA,1636699456
569,Pangody,65.85,74.4859,16.11,94,100,17.0,RU,1636699457
